﻿establecimiento,clasificacion,categoria,habitaciones,plazas,fecha,checkins,checkouts,pernoctaciones,nacionales,extranjeros,habitaciones ocupadas,habitaciones disponibles,tipo tarifa,tarifa promedio,TAR PER,ventas netas,porcentaje ocupacion %,revpar,empleados temporales,estado,opciones
GRAND VICTORIA BOUTIQUE,Hotel,5 Estrellas,38,58,01/11/2019,2,1,16,1,1,7,37,Por habitación,63.42,27.75,443.94,18.42%,11.68,0,validado,Revocar
GRAND VICTORIA BOUTIQUE,Hotel,5 Estrellas,38,58,02/11/2019,17,1,17,15,2,9,36,Por habitación,69.00,36.53,621,23.68%,16.34,0,validado,Revocar
GRAND VICTORIA BOUTIQUE,Hotel,5 Estrellas,38,58,03/11/2019,20,56,20,13,7,14,36,Por habitación,65.00,45.50,910,36.84%,23.95,0,validado,Revocar
GRAND VICTORIA BOUTIQUE,Hotel,5 Estrellas,38,58,04/11/2019,5,1,23,4,1,19,38,Por habitación,62.79,51.87,1193.01,50.00%,31.40,0,validado,Revocar
GRAND VICTORIA BOUTIQUE,Hotel,5 Estrellas,38,58,05/11/2019,10,2,10,8,2,8,38,Por habitación,45.00,36.00,360,21.05%,9.47,0,validado,Revocar
GRAND VICTORIA BOUTIQUE,Hotel,5 Estrellas,38,58,06/11/2019,12,2,12,12,0,8,36,Por habitación,44.00,29.33,352,21.05%,9.26,0,validado,Revocar
GRAND VICTORIA BOUTIQUE,Hotel,5 Estrellas,38,58,07/11/2019,35,3,35,28,7,29,35,Por habitación,45.00,37.29,1305,76.32%,34.34,0,validado,Revocar
GRAND VICTORIA BOUTIQUE,Hotel,5 Estrellas,38,58,08/11/2019,4,6,19,3,1,14,37,Por habitación,49.00,36.11,686,36.84%,18.05,0,validado,Revocar
GRAND VICTORIA BOUTIQUE,Hotel,5 Estrellas,38,58,09/11/2019,2,5,15,0,2,10,37,Por habitación,60.00,40.00,600,26.32%,15.79,0,validado,Revocar
GRAND VICTORIA BOUTIQUE,Hotel,5 Estrellas,38,58,10/11/2019,1,7,6,1,0,4,37,Por habitación,70.25,46.83,281,10.53%,7.39,0,validado,Revocar
GRAND VICTORIA BOUTIQUE,Hotel,5 Estrellas,38,58,11/11/2019,25,0,43,5,20,30,38,Por habitación,46.00,32.09,1380,78.95%,36.32,0,validado,Revocar
GRAND VICTORIA BOUTIQUE,Hotel,5 Estrellas,38,58,12/11/2019,4,3,39,3,1,28,38,Por habitación,57.90,41.57,1621.2,73.68%,42.66,0,validado,Revocar
GRAND VICTORIA BOUTIQUE,Hotel,5 Estrellas,38,58,13/11/2019,8,7,40,7,1,28,38,Por habitación,53.00,37.10,1484,73.68%,39.05,0,validado,Revocar
GRAND VICTORIA BOUTIQUE,Hotel,5 Estrellas,38,58,14/11/2019,20,5,53,7,13,37,38,Por habitación,58.00,40.49,2146,97.37%,56.47,0,validado,Revocar
GRAND VICTORIA BOUTIQUE,Hotel,5 Estrellas,38,58,15/11/2019,6,7,55,1,5,38,38,Por habitación,61.52,42.50,2337.76,100.00%,61.52,0,sin_validar,Validar
GRAND VICTORIA BOUTIQUE,Hotel,5 Estrellas,38,58,16/11/2019,3,0,55,4,55,38,38,Por habitación,51.52,35.60,1957.76,100.00%,51.52,0,sin_validar,Validar
GRAND VICTORIA BOUTIQUE,Hotel,5 Estrellas,38,58,17/11/2019,2,20,26,11,15,18,38,Por habitación,64.00,44.31,1152,47.37%,30.32,0,sin_validar,Validar
GRAND VICTORIA BOUTIQUE,Hotel,5 Estrellas,38,58,18/11/2019,10,5,33,7,10,24,38,Por habitación,62.50,45.45,1500,63.16%,39.47,0,sin_validar,Validar
GRAND VICTORIA BOUTIQUE,Hotel,5 Estrellas,38,58,19/11/2019,8,17,27,19,8,20,38,Por habitación,45.08,33.39,901.6,52.63%,23.73,0,sin_validar,Validar
GRAND VICTORIA BOUTIQUE,Hotel,5 Estrellas,38,58,20/11/2019,11,3,32,10,1,27,38,Por habitación,56.33,47.53,1520.91,71.05%,40.02,0,sin_validar,Validar
GRAND VICTORIA BOUTIQUE,Hotel,5 Estrellas,38,58,21/11/2019,21,7,52,6,15,37,38,Por habitación,58.37,41.53,2159.69,97.37%,56.83,0,sin_validar,Validar
GRAND VICTORIA BOUTIQUE,Hotel,5 Estrellas,38,58,22/11/2019,8,19,19,6,2,17,37,Por habitación,53.79,48.13,914.43,44.74%,24.06,0,sin_validar,Validar
GRAND VICTORIA BOUTIQUE,Hotel,5 Estrellas,38,58,23/11/2019,8,19,19,6,2,17,37,Por habitación,53.79,48.13,914.43,44.74%,24.06,0,sin_validar,Validar
GRAND VICTORIA BOUTIQUE,Hotel,5 Estrellas,38,58,24/11/2019,8,19,19,6,2,17,37,Por habitación,53.79,48.13,914.43,44.74%,24.06,0,sin_validar,Validar
GRAND VICTORIA BOUTIQUE,Hotel,5 Estrellas,38,58,25/11/2019,11,14,18,11,1,16,32,Por habitación,53.00,47.11,848,42.11%,22.32,0,sin_validar,Validar
GRAND VICTORIA BOUTIQUE,Hotel,5 Estrellas,38,58,26/11/2019,10,5,12,7,3,12,38,Por habitación,52.10,52.10,625.2,31.58%,16.45,0,sin_validar,Validar
GRAND VICTORIA BOUTIQUE,Hotel,5 Estrellas,38,58,27/11/2019,6,7,9,6,0,9,38,Por habitación,51.00,51.00,459,23.68%,12.08,0,sin_validar,Validar
GRAND VICTORIA BOUTIQUE,Hotel,5 Estrellas,38,58,28/11/2019,2,2,9,2,0,9,38,Por habitación,45.44,45.44,408.96,23.68%,10.76,0,sin_validar,Validar
GRAND VICTORIA BOUTIQUE,Hotel,5 Estrellas,38,58,29/11/2019,27,3,59,27,0,32,38,Por habitación,46.54,25.24,1489.28,84.21%,39.19,0,sin_validar,Validar
GRAND VICTORIA BOUTIQUE,Hotel,5 Estrellas,38,58,30/11/2019,6,0,67,4,2,37,38,Por habitación,55.27,30.52,2044.99,97.37%,53.82,0,sin_validar,Validar
